context_id	word	gold_sense_id	predict_sense_id	positions	context
440	банка	1		7-12, 36-41	здание банка китая ( макао ) здание банка китая ( bank of china building , edificio banca da china , 澳门中银大厦 )  — - этажный небоскреб высотой метра , расположенный в макао ( местная штаб - квартира bank of china ) . построен в
441	банка	2		13-18, 201-206	трехлитровая банка во времена ссср такие банки были популярны для маринованных овощей , овощных и фруктовых соков и так далее . популярность трехлитровых банок объясняется тем , что это самая объемная банка из массово доступных , и это удобно при большом объеме заготовок . в наши дни стеклянные банки продолжают использоваться в быту для домашнего консервирования . подготовка абсолютно целых ( без трещин и сколов ) стеклянных банок подразумевает не только тщательное мытье внутри и снаружи слабым
442	банка	1		21-26, 58-63, 101-106, 263-268, 538-543	здание национального банка украины в здании национального банка украины находится офис национального банка украины . расположено в исторической местности липки в печерском районе города киева , по адресу ул . институтская , контора государственного коммерческого банка россии в киеве была основана более полутора столетий тому назад — в году . со временем для нее был куплен большой двухэтажный дом в стиле ампир на институтской улице , принадлежавший киевскому дворянству . ( позднее здесь разместилась киевская контора государственного банка
443	банка	1		134-139, 262-267, 345-350	зюдфиртель города эссен ( федеральная земля северный рейн - вестфалия ) рядом с эссенским железнодорожным вокзалом . здание почтового банка является третьим по высоте зданием эссена . с  года здание находится под охраной государства . первое отделение почтового банка открылось еще в  году рядом с рыночной церковью . на тот в момент в отделениибанка было лишь счетов , но уже через десять лет их количество увеличилось до . столь
444	банка	1		43-48, 300-305, 381-386, 521-526	ведения боевых действий полевые учреждения банка продолжают функционировать в мирное время , что обусловлено следующими основными факторами . воинские части зачастую дислоцируются и выполняют задачи в значительном удалении от населенных пунктов , что делает невозможным их обслуживание стационарными банками , а следовательно , приводит к необходимости создания полевых учреждений банка . кроме того , решение войсками особо ответственных задач в ряде случаев вызывает необходимость обслуживания их полевыми учреждениями банка в целях сохранения государственной и военной тайны ( создание отдельных видов вооруженных сил , размещение особорежимных объектов и др . ) . в целях ликвидации
445	банка	3		11-16, 19-24, 88-93	"вачусетт ( банка ) банка вачусетт , "" риф вачусетт "" ( ) — фантомный подводный объект , банка или риф , кораллового происхождения , изображавшийся ( наряду с рифами мария - тереза и эрнест - легуве ) на некоторых географических картах в южной части тихого океана . известен по описанию , согласно которому объект , на вид представлявший собой подобие подводной гряды протяженностью около"
446	банка	1		204-209, 292-297	— годах подпольной типографией союза вооруженной борьбы . с лета года организации армии крайовой получали злотые , печатавшиеся в великобритании . в году , после освобождения польши , злотые эмиссионного банка в кракове и рейхсмарки были обменены на банкноты в злотых польского национального банка , выпущенные на основании декрета польского комитета национального освобождения от августа года . обмен производился не более злотых на
447	банка	1		43-48, 331-336, 379-384, 557-562	директоров , который возглавляет президент банка . в совет директоров входят пять исполнительных директоров , представляющих интересы государств - членов , обладающих крупнейшими пакетами акций сша , япония , германия , франция и великобритания . остальные исполнительных директоров представляют группы стран - участниц всемирного банка . президент группы организаций всемирного банка ( с июля года доктор джим ен ким ( dr . jim yong kim ) ) председательствует на совещаниях совета директоров и отвечает за общее руководство деятельностью группы всемирного банка
448	банка	3		284-289, 303-308	- электроходом обь в огромной африканско - антарктической котловине , простирающейся между антарктидой на юге и африкой и южной америкой на севере . свое название она получила в честь второго советского дизель - электрохода лена , участвовавшего в этой же антарктической экспедиции . банка лена , как и банка обь , расположена в африканско - антарктической котловине на возвышенности конрада — микроконтиненте , отделенном от близлежащих островов и континентов абиссальными глубинами около    м и более . представляет собой подводную гору с плоской вершиной , с глубинами на вершине ,
449	банка	3		196-201	составлял около  т . в году общая ориентировочная величина ихтиомассы была определена в пределах , тыс .  т , а возможная величина годового вылова рыбы — в пределах , тыс .  т . в настоящее время банка обь находится в зоне ответственности конвенции антком по охране морских живых ресурсов антарктики . свободный промысел рыбы на банке закрыт вследствие нерациональной эксплуатации популяций промысловых рыб донными тралами и неоднократных переловов , происходивших в последнее десятилетие прошлого века . разрешение на промысел может быть выдано специальным решением
450	банка	1		12-17, 193-198	"музей денег банка токио - мицубиси ( "" bank of tokyo - mitsubishi ufj money museum "" )  — нумизматический музей , расположенный в городе нагоя ( япония ) . музей основан в году как музей денег банка токай ( "" tokai bank money museum "" ) . в году , после слияния нескольких банков , получил нынешнее название . в году коллекция музея была перемещена в город"
451	банка	1		12-17	музей денег банка японии история . в году банк японии отпраздновал свой столетий юбилей . в ознаменование этого события было принято решение о создании музея . для широкой публики двери музея открылись в ноябре года . музей
452	банка	1		200-205	, , и рублей ) в — годах . одновременно на территории польши имели хождение российские общегосударственные кредитные билеты , которые принимались во все виды платежей , в отличие от билетов польского банка , являвшихся законным средством платежа только на территории самой польши . одновременно на варшавском монетном дворе выпускались три типа монет монеты с двойным обозначением номинала ( до года ) , билонные злотые и гроши ( до
453	банка	3		25-30, 56-61	большая ньюфаундлендская банка большая ньюфаундлендская банка ( ) , обширная шельфовая отмель в атлантическом океане , у острова ньюфаундленд . важный промышленный район канады и франции ( территории сен - пьер и микелон ) . общая площадь — км² . море почти везде не глубже
454	банка	2		255-260	и спаивались вручную на внутренней стороне банки . дно банки также припаивалось к корпусу . крышка припаивалась к банке только после того , как в банку закладывалась твердая пища ( например мясо ) . если же в банке должно было быть жидкое содержимое , то банка спаивалась полностью , за исключением небольшого отверстия на крышке банки , через которое заливалась жидкость , после чего отверстие также запаивалось . первые банки были достаточно дорогими , так как умелый ремесленник мог изготовить только или банок в час . ранее , при
455	банка	2		7-12, 20-25	пивная банка пивная банка — тара ( емкость ) для розлива пива и других напитков ( как слабоалкогольных так и безалкогольных ) , предназначенных для долговременного хранения и розничной продажи . производятся как из стали ( жести ) , так и из алюминия , различного размера
456	банка	1		193-198	—  годах в стиле модерн архитектором а .  э .  эрихсоном . в —  годах архитектором в .  и .  ерамишанцевым , при участии братьев весниных фасад здания перестроен в неоклассических формах . дом банка и торгового дома и .  в .  юнкер и ко является заявленным объектом культурного наследия . по мнению ряда искусствоведов , здание является одной из лучших построек московской неоклассики . в xviii веке на этом месте стояли дворы кузнеца г . мосягина , пушечного
457	банка	1		251-256, 400-405	норматива ликвидности существует два основных вида гэп - анализа ( gap ) платежный календарь ( график поступлений и списаний ) составляется на короткий промежуток времени ( обычно не более - х месяцев ) и охватывает все списания и поступления средств банка . соотношение между обеими частями календаря должно быть таким , чтобы обеспечивалось их равенство . платежная позиция ( или текущая позиция ) банка — это остаток средств на корреспондентских счетах с указанием сумм притока и/или оттока средств и их назначений в течение дня . в
458	банка	1		75-80, 157-162, 202-207, 305-310, 354-359	активных операций кредитование , инвестиционные операции , прочие операции банка по размещению собственных и привлеченных средств . важным качеством активов банка является принесение прибыли . в активы банка входят кассовая наличность , ссуды , инвестиции , ценные бумаги , недвижимость и другие . активы банка отражаются в активе бухгалтерского баланса банка . крупнейших банков по консолидированным активам . данные по балансам по состоянию на декабря .
459	банка	3		265-270, 284-289	в огромной африканско - антарктической котловине , простирающейся между антарктидой на юге и африкой и южной америкой на севере . свое название она получила в честь второго советского дизель - электрохода лена , участвовавшего в этой же антарктической экспедиции . банка лена , как и банка обь , расположена в африканско - антарктической котловине на возвышенности конрада — микроконтиненте , отделенном от близлежащих островов и континентов абиссальными глубинами около    м и более . представляет собой подводную гору с плоской вершиной , с глубинами на вершине , варьирующими от
460	банка	3		10-15	подводная банка подво́дная ба́нка  ( от или ) — отмель в океане , глубина над которой значительно меньше окружающих глубин .
461	банка	1		254-259, 323-328, 455-460	выведение в ветхие остается на усмотрение кредитной организации . . частично утратившие красочный слой в результате потертости и ( или ) обесцвечивания . . имеющие одно и более нарушений целостности банкноты , заклеенных клеящей лентой . ветхие банкноты банка россии , признаки которых установлены в приложении к положению банка россии от апреля года n - п о порядке ведения кассовых операций и правилах хранения , перевозки и инкассации банкнот и монеты банка
462	банка	3		248-253, 266-271	— годах . эта подводная гора получила свое имя в честь советского дизель - электрохода обь , впервые обнаружившего ее в огромной африканско - антарктической котловине , простирающейся между антарктидой на юге и африкой и южной америкой на севере . банка обь , как и банка лена , расположена в африканско - антарктической котловине на возвышенности конрада — микроконтиненте , отделенном от близлежащих островов и континентов абиссальными глубинами около  м и более . представляет собой подводную гору с плоской вершиной , с глубинами на вершине ,
463	банка	1		118-123, 341-346, 577-582, 681-686	советом управляющих , который является высшим органом , принимающим решения и определяющим политику группы всемирного банка . страны - участницы представлены в совете управляющих , как правило , министрами финансов . совет управляющих проводит свои совещания один раз в год во время ежегодных совещаний советов управляющих группы всемирного банка и международного валютного фонда . конкретные полномочия по управлению банком в период между заседаниями совета управляющих переданы исполнительным директорам , которые работают непосредственно в штаб - квартире группы всемирного банка в вашингтоне . исполнительные директора образуют совет директоров , который возглавляет президент банка .
464	банка	2		279-284	на стенках банки стали заделывать в замок . от пайки шва отказаться при этом не удалось , но возможность попадания припоя внутрь банок при этом свелась к минимуму . припой на такой банке наносился на наружную поверхность , а концы фиксировались механическим двойным швом . такая банка стала называться санитарная , чтобы подчеркнуть ее безопасность для здоровья . в это же время в англии появляется первая , полностью автоматизированная система по производству банок из жести , которая изготавливала до банок в час , а также машины для механического
465	банка	3		0-5, 21-26, 217-222	банка лена ( гайот ) банка лена — гайот , представляющий собой плосковершинную подводную гору вулканического происхождения в индоокеанском секторе южного океана с центральными координатами — ° ' ю .  ш . ° ' в .  д . банка лена расположена в
466	банка	1		167-172, 255-260	вооруженной борьбы . с лета года организации армии крайовой получали злотые , печатавшиеся в великобритании . в году , после освобождения польши , злотые эмиссионного банка в кракове и рейхсмарки были обменены на банкноты в злотых польского национального банка , выпущенные на основании декрета польского комитета национального освобождения от августа года . обмен производился не более злотых на одно лицо , для частных предприятий и ремесленных мастерских — до
467	банка	1		149-154, 230-235, 370-375	части зачастую дислоцируются и выполняют задачи в значительном удалении от населенных пунктов , что делает невозможным их обслуживание стационарными банками , а следовательно , приводит к необходимости создания полевых учреждений банка . кроме того , решение войсками особо ответственных задач в ряде случаев вызывает необходимость обслуживания их полевыми учреждениями банка в целях сохранения государственной и военной тайны ( создание отдельных видов вооруженных сил , размещение особорежимных объектов и др . ) . в целях ликвидации негативных последствий и своевременного финансирования сил обеспечения безопасности , поддержания их в постоянной боевой готовности , а также обеспечения своевременности
468	банка	1		6-11, 25-30	билет банка россии билет банка россии — название рублевых банкнот российской федерации с года . находящиеся в настоящее время в обращении ( т .  н . деноминированные ) банкноты выпускаются банком россии с года и введены в обращение с
469	банка	3		166-171	"squamifrons "" ) , мраморная нототения ( "" notothenia rossii "" ) и нототениопс - чиж ( "" nototheniops tchizh "" ) . в конце - х — середине - х годов минувшего столетия банка обь рассматривалась как район перспективного круглогодичного рыбного тралового донного промысла . основными объектами лова на плоской вершинной поверхности здесь являлись , прежде всего , серая нототения , формировавшая очень плотные промысловые скопления , а также в качестве объектов прилова ( до  % )  — мраморная"
470	банка	1		208-213, 374-379	"здании дворца "" банг кхун пхром "" размещался центральный банк таиланда . в году дворец был отреставрирован и превращен в музей . января года его величество король пхумипон адульядет официально открыл "" музей банка таиланда "" . весь первый этаж дворца посвящен истории тайской валюты бата — важнейшего элемента культурного наследия страны . отдельный зал рассказывает о роли банка таиланда . экспозиции на второй этаже раскрывают историю дворца банг кхун пхром , освещают жизнь и деятельность принца барипатра сукхумбханда"
471	банка	1		85-90, 253-258, 325-330	кирпичный флигель для служащих . его фасады выдержаны в том же стиле , что и корпуса банка . на четырех этажах флигеля размещались одно - и двухкомнатные квартиры для служащих , а на подвальном этаже были обустроены погреба , чуланы и склад топлива для банка . комнаты флигеля имели печное отопление . хотя размеры помещений банка определялись с таким расчетом , чтобы удовлетворить потребности не менее , чем на пятьдесят лет , однако уже в году ( в связи с будущим переносом столицы украины
472	банка	1		347-352	и витражами . фасады здания выполнены в стиле северо - итальянской готики и раннего флорентийского возрождения с мраморными колоннами , изысканным орнаментом , эмблемами ремесел . кирпичные стены главного фасада облицованы искусственным камнем , имитирующим серый гранит и розовый песчаник . по своим художественным качествам здание национального банка считается одним из лучших среди сооружений киева xx столетия .
473	банка	1		12-17, 30-35, 54-59, 150-155	ликвидность банка ликвидность банка ( ) — способность банка обеспечить своевременное и полное исполнение своих обязательств . управление ликвидностью банка направлено на предотвращение и устранение как недостатка , так и излишка ликвидности . по источникам . коэффициентный метод анализа ликвидности является наиболее простым . он включает в настоящее время ( июль
474	банка	1		163-168, 206-211, 281-286	года доктор джим ен ким ( dr . jim yong kim ) ) председательствует на совещаниях совета директоров и отвечает за общее руководство деятельностью группы всемирного банка . по традиции президентом всемирного банка становится гражданин сша — страны , являющейся крупнейшим акционером банка . президент избирается советом управляющих на пятилетний срок и может быть переизбран . пять вице - президентов , в том числе три старших вице - президента ( англ . senior vice - presidents ) и два исполнительных вице - президента ( англ .
475	банка	1		24-29, 66-71	здание государственного банка ( харьков ) здание государственного банка в харькове — памятник архитектуры и историческое здание в центре города харькова . здание построено в —  гг . ( архитектор р . голенищев ) . надстроено на два этажа в году
476	банка	3		239-244	. в  г . в районе отмели произошло землетрясение силой , балла по шкале рихтера — сильнейшее из когда - либо зафиксированных в великобритании . отмель представляет собой богатый рыбой регион , здесь проходит лов сельди и трески . доггер - банка стала ареной нескольких морских сражений . первое из них произошло августа  г . между британским и нидерландским флотом в ходе четвертой англо - голландской войны ( сражение при доггер - банке , ) .
477	банка	1		18-23, 42-47, 149-154	активные операции банка активные операции банка — это усугубление , ожесточение , укрупнение собственных и клиентских средств . к активным операциям банка относят следующие услуги по кассе , расчетные операции с клиентами , ссудные операции , агентские ( брокерские , трастовые , выдача поручительств и гарантий , консалтинговые , маркетинговые исследования , финансирование капиталовложений клиентов ) , межбанковские услуги на межбанковском рынке , валютные операции и др .
478	банка	1		19-24, 143-148	полевые учреждения банка россии полевы́е учрежде́ния ба́нка росси́и являются воинскими учреждениями и входят в единую централизованную систему банка россии с вертикальной структурой управления . статья . федеральный закон о центральном банке российской федерации ( банке россии ) от июля года n - фз необходимость использования органов денежно - кредитной
479	банка	1		155-160, 264-269, 507-512	в период гражданской войны . в период ведения боевых действий в — гг . стало ясно , что обслуживание войск действующей армии стационарными учреждениями госбанка невозможно . возникла необходимость иметь подвижные , постоянно действующие в составе войск учреждения банка , которые смогли бы в условиях ведения боевых действий обеспечивать воинские части наличными деньгами и осуществлять по их поручению расчетные операции . созданные для обслуживания войск в ходе ведения боевых действий полевые учреждения банка продолжают функционировать в мирное время , что обусловлено следующими основными факторами . воинские
480	банка	1		358-363	выступом четвертого этажа , а также ритм уменьшающихся окон сообщают зданию несколько преувеличенный масштаб , делают его доминантой на этом участке улицы . монументальное банковское здание облицовано радомским песчаником и украшено орнаментом из цинка , первый этаж выделен крупной рустовкой и темной окраской . диагонально ориентированный операционный зал банка перекрыт легкими конструкциями инженера в .  г .  шухова . первоначально дом венчал небольшой аттик с маскароном , однако к - м годам он был утрачен . в начале xx века на первом этаже здания открылся один из самых необычных ресторанов москвы
481	банка	1		306-311	после оккупации польши в году часть территории была присоединена к германии . на этих территориях польский злотый был заменен рейхсмаркой . на остальной территории польши было создано генерал - губернаторство оккупированных польских областей . оккупационные власти объявили об изъятии из обращения банкнот банка польши в злотых образца и годов и банкнот в злотых образца года , которые подлежали зачислению на депозитные счета . на банкноты в
482	банка	1		9-14, 78-83, 210-215, 354-359	банкноты банка россии , признаки которых установлены в приложении к положению банка россии от апреля года n - п о порядке ведения кассовых операций и правилах хранения , перевозки и инкассации банкнот и монеты банка россии в кредитных организациях на территории российской федерации , кредитными организациями клиентам не выдаются и сдаются в учреждения банка россии .
483	банка	1		12-17, 61-66	"музей денег банка токио - мицубиси ю - эф - джей музей денег банка токио - мицубиси ( "" bank of tokyo - mitsubishi ufj money museum "" )  — нумизматический музей , расположенный в городе нагоя ( япония ) . музей основан в"
484	банка	1		29-34, 176-181, 286-291	комитет по денежной политике банка англии комитет состоит из девяти членов и включает в себя председателя , двух его заместителей , двух исполнительных директоров центрального банка и четырех независимых экспертов . главой комитета по кредитно - денежной политике является председатель банка англии . решения по уровню процентных ставок принимаются на заседаниях комитета , которые проводятся ежемесячно . заседание идет дня , решение публикуется во второй день , как правило ,
485	банка	3		9-14, 24-29	"доггер - банка доггер - банка ( , от староголландского "" dogge ""  — "" рыбачья лодка "" )  — крупнейшая песчаная отмель в северном море , в  км от берега англии . занимает площадь около , км² с максимальным расстоянием"
486	банка	1		127-132, 277-282, 398-403	располагающееся в районе central в гонконге . находится на южной стороне площади статуи возле сити - холла . предыдущее здание банка hsbc в гонконге было построено в году и было снесено с целью использования освободившейся площади для строительства современного здания . адрес банка — квинс роад , д . . до здания можно доехать на метрополитене ( станция central ) . новое здание потребовалось для банка , поскольку он перерос свой прежний офис . возвести его необходимо было как можно быстрее , чтобы организация
487	банка	1		24-29, 54-59, 89-94, 154-159	рубль индо - китайского банка рубль индо - китайского банка — банкноты индо - китайского банка города владивостока выпуска  года . боны индо - китайского банка . владивосток .  г . боны союзнического выпуска ( типография american bank note company ) не были в хождении . имеют надписи на русском и французском языках . курс рубль
488	банка	1		62-67, 134-139, 161-166, 272-277, 354-359, 399-404, 502-507, 551-556	источники средств для образования активов собственный капитал банка и средства вкладчиков , межбанковские кредиты , эмиссия облигаций банка . увеличение активов банка происходит за счет проведения активных операций кредитование , инвестиционные операции , прочие операции банка по размещению собственных и привлеченных средств . важным качеством активов банка является принесение прибыли . в активы банка входят кассовая наличность , ссуды , инвестиции , ценные бумаги , недвижимость и другие . активы банка отражаются в активе бухгалтерского баланса банка . крупнейших банков по консолидированным активам . данные по балансам
489	банка	1		11-16, 59-64, 237-242, 280-285, 355-360	всемирного банка . президент группы организаций всемирного банка ( с июля года доктор джим ен ким ( dr . jim yong kim ) ) председательствует на совещаниях совета директоров и отвечает за общее руководство деятельностью группы всемирного банка . по традиции президентом всемирного банка становится гражданин сша — страны , являющейся крупнейшим акционером банка . президент избирается советом управляющих на пятилетний срок и может быть переизбран . пять вице - президентов , в том числе три старших вице - президента ( англ .
490	банка	1		98-103, 258-263, 314-319, 368-373	в ростов - на - дону для общего руководства строительными работами . к тому моменту старое здание банка было уже снесено . строительство предполагалось начать поздней осенью , но из - за морозов работы перенесли на весну года . торжественная закладка здания банка состоялась апреля года . строительство конторы госбанка было завершено в году . своим фасадом здание госбанка выходило на новую базарную площадь ( ныне площадь советов ) и было обращено к алтарю располагавшегося
491	банка	1		36-41, 78-83	здание правления волжско - камского банка здание правления волжско - камского банка — здание в ростове - на - дону , построенное в начале xx века по проекту а . н . бекетова в стиле модерн с элементами классической архитектуры . в советское время в здании размещался дворец пионеров , ныне
492	банка	3		305-310	названием вачусетт , управляемого неким капитаном ламбертом . отмечается , что в момент предполагаемого открытия замеры глубины не производились . в настоящее время факт существования какого - либо подводного или надводного объекта в данном районе тихого океана не нашел подтверждения . несмотря на это , банка отмечена в издании года национального ( сша ) географического атласа мира .
493	банка	3		0-5, 20-25, 215-220	банка обь ( гайот ) банка обь — гайот , представляющий собой плосковершинную подводную гору вулканического происхождения в индоокеанском секторе южного океана с центральными координатами — ° ' ю .  ш . ° ' в .  д . банка обь расположена в
494	банка	1		286-291, 451-456	были выпущены в обращение . надпечатка массово подделывалась . вскоре в польше была организована кредитная касса главного управления имперских кредитных касс и начат выпуск оккупационной рейхсмарки . однако уже декабря года было принято решение о создании нового эмиссионного польского банка , поскольку банк польши был эвакуирован в париж . апреля года в кракове начал работу эмиссионный банк в польше . банк начал выпуск банкнот в злотых . банкноты банка польши изымались из обращения , выпуск оккупационной рейхсмарки был прекращен
495	банка	1		104-109, 324-329, 547-552	организации . количество голосов , которыми обладают страны - участницы , зависит от их доли в капитале банка , которая в свою очередь определяется их долей в мировой экономике . эти акционеры представлены советом управляющих , который является высшим органом , принимающим решения и определяющим политику группы всемирного банка . страны - участницы представлены в совете управляющих , как правило , министрами финансов . совет управляющих проводит свои совещания один раз в год во время ежегодных совещаний советов управляющих группы всемирного банка и международного валютного фонда . конкретные полномочия по управлению банком в период между
496	банка	1		18-23, 111-116, 194-199	"список директоров банка индонезии ниже представлен спи́сок директоро́в ба́нка индоне́зии . должность директора банка индонезии ( ) введена в году после преобразования нидерландского "" яванского банка "" ( ) в "" банк индонезии "" . назначается правительством индонезии , срок полномочий составляет лет ."
497	банка	2		153-158, 300-305, 378-383	продуктов — невозможность обратной герметизации после вскрытия , так как вскрытие банки подразумевает собой разрезание металла контейнера . в консервных банках может храниться абсолютно различное содержимое , но чаще всего это консервированные продукты . долгосрочное хранение продуктов в консервных банках обеспечивается при соблюдении надлежащих условий хранения . консервная банка была запатентована в году английским изобретателем питером дюраном , который использовал в своем изобретении открытия француза николя аппера . сам он не производил консервные банки и , в году , за фунтов стерлингов
498	банка	1		67-72, 232-237, 491-496	года было принято решение о создании нового эмиссионного польского банка , поскольку банк польши был эвакуирован в париж . апреля года в кракове начал работу эмиссионный банк в польше . банк начал выпуск банкнот в злотых . банкноты банка польши изымались из обращения , выпуск оккупационной рейхсмарки был прекращен . по национальному признаку были установлены различные условия обмена для немцев , поляков и евреев . был установлен курс рейхсмарка злотых . общая сумма эмиссии эмиссионного банка составила
499	банка	1		118-123, 253-258	от апреля года n - п о порядке ведения кассовых операций и правилах хранения , перевозки и инкассации банкнот и монет банка россии в кредитных организациях на территории российской федерации отдельно перечислены признаки ветхих платежеспособных банкнот банка россии . имеющие загрязнение поверхности лицевой и ( или ) оборотной сторон , приводящее к снижению яркости изображения на процентов и более . величина снижения яркости изображения определяется любым устройством спектрофотометрического или колориметрического измерения цвета , позволяющим преобразовывать результаты измерений
500	банка	1		188-193	( архитектор р . голенищев ) . надстроено на два этажа в году ( архитектор а .  н .  бекетов ) . современное состояние . с года в здании располагается харьковского отделение национального банка украины .
501	банка	1		82-87, 213-218, 348-353	повреждений или имеющие повреждения следующего характера в приложении к положению банка россии от апреля года n - п о порядке ведения кассовых операций и правилах хранения , перевозки и инкассации банкнот и монет банка россии в кредитных организациях на территории российской федерации отдельно перечислены признаки ветхих платежеспособных банкнот банка россии . имеющие загрязнение поверхности лицевой и ( или ) оборотной сторон , приводящее к снижению яркости изображения на процентов и более . величина
502	банка	1		7-12, 20-25, 173-178, 245-250, 272-277, 383-388, 465-470, 510-515	активы банка активы банка — объекты собственности , имеющие денежную оценку , и принадлежащие банку . основные источники средств для образования активов собственный капитал банка и средства вкладчиков , межбанковские кредиты , эмиссия облигаций банка . увеличение активов банка происходит за счет проведения активных операций кредитование , инвестиционные операции , прочие операции банка по размещению собственных и привлеченных средств . важным качеством активов банка является принесение прибыли . в активы банка входят кассовая наличность , ссуды , инвестиции , ценные бумаги , недвижимость
503	банка	1		339-344	первый этаж предназначался для торговых помещений . выше расположен двусветный операционный зал . вертикальное членение парадного фасада подчеркивают крайние лопатки , большие окна на первом этаже и двухъярусные окна операционного зала . эти окна разделены четырьмя пилонами с горельефными масками , которые поддерживают фирменную вывеску банка . фасад завершен большим нависающим карнизом , над которым располагается парапет с тумбами .
504	банка	1		79-84, 164-169, 196-201, 322-327	. м . перетятковича . изначально в здании размещалась контора государственного банка российской империи . в настоящее время там размещается ростовский филиал центробанка . здание государственного банка построено в стиле неоклассицизм и имеет статус объекта культурного наследия . в начале xx века контора государственного банка размещалась в двухэтажном здании на углу большой садовой улицы и среднего проспекта ( ныне проспект соколова ) . банку стало не хватать площадей , и он вынужден был арендовать дополнительные помещения . тогда было принято решение о строительстве нового здания взамен старого . проект
505	банка	3		246-251, 264-269	годах . эта подводная гора получила свое имя в честь советского дизель - электрохода обь , впервые обнаружившего ее в огромной африканско - антарктической котловине , простирающейся между антарктидой на юге и африкой и южной америкой на севере . банка обь , как и банка лена , расположена в африканско - антарктической котловине на возвышенности конрада — микроконтиненте , отделенном от близлежащих островов и континентов абиссальными глубинами около  м и более . представляет собой подводную гору с плоской вершиной , с глубинами на вершине , варьирующими от
506	банка	1		82-87, 147-152, 340-345, 500-505	включаются балансовые активы и пассивы , внебалансовые требования и обязательства банка . стресс - тестирование позволяет предупредить руководство банка о возможных потерях в стрессовых условиях и ( или ) крупных потерях , которые могут произойти с небольшой вероятностью , поэтому оно способствует более глубокому пониманию профиля рисков банка , его устойчивости к внутренним и внешним шокам , формированию обоснованных подходов к стратегическому планированию развития деятельности . обязательства банка складываются из двух типов
507	банка	1		261-266	ростове - на - дону , построенное в начале xx века по проекту а . н . бекетова в стиле модерн с элементами классической архитектуры . в советское время в здании размещался дворец пионеров , ныне это дворец творчества детей . здание правления волжско - камского банка имеет статус объекта культурного наследия федерального значения . в конце xix века волжско - камский банк был одним из крупнейших в россии . в году банк открыл свое отделение в ростове . первое время банк арендовал помещения . до
508	банка	1		44-49, 94-99, 249-254	здание московского международного торгового банка здание московского международного торгового банка — историческое здание в москве , расположенное на углу улиц кузнецкий мост и рождественки . построено по заказу московского международного торгового банка архитектором с .  с .  эйбушицем в  году . здание является объектом культурного наследия регионального значения
509	банка	1		4-9, 50-55	дом банка и торгового дома и . в . юнкер и ко дом банка и торгового дома и .  в .  юнкер и ко  — историческое здание , расположено в москве на улице кузнецкий мост , . построено в  году архитектором п .  с .  кампиони . перестроено в
510	банка	1		27-32, 60-65, 103-108, 173-178, 282-287, 331-336	шеф - экономист всемирного банка шеф - экономист всемирного банка ( ) — должность в системе всемирного банка одновременно шеф - экономист является первым вице - президентом банка . шеф - экономист разрабатывает общую стратегию развития и программу научно - исследовательской работы банка является советником президента и правления банка по экономическим вопросам . список шеф - экономистов . страница текущего шеф -
511	банка	1		6-11	"башня банка сша u . s . bank tower ( "" library tower "" , "" first interstate world center "" )  — банк , расположенный в деловом центре лос - анджелеса ( калифорния ) . является восьмым по высоте зданием"
512	банка	1		9-14, 268-273	банкноты банка польши изымались из обращения , выпуск оккупационной рейхсмарки был прекращен . по национальному признаку были установлены различные условия обмена для немцев , поляков и евреев . был установлен курс рейхсмарка злотых . общая сумма эмиссии эмиссионного банка составила миллиона злотых . около миллионов злотых было изготовлено в — годах подпольной типографией союза вооруженной борьбы . с лета года организации армии крайовой
513	банка	1		42-47	монетный двор — нумизматическая коллекция банка республики в году , согласно указу короля испании филиппа iii , в боготе был основан монетный двор . в этом же году в боготе ( по другим сведениям — в картахене ) отчеканена первая золотая монета в истории американского континента .
514	банка	1		187-192, 291-296, 459-464, 531-536	улицы банковой . это определяет градостроительное значение сооружения , которое входит в исторически сложившийся ансамбль липок . по проекту а .  в .  кобелева во дворе здания конторы госбанка был построен кирпичный флигель для служащих . его фасады выдержаны в том же стиле , что и корпуса банка . на четырех этажах флигеля размещались одно - и двухкомнатные квартиры для служащих , а на подвальном этаже были обустроены погреба , чуланы и склад топлива для банка . комнаты флигеля имели печное отопление . хотя размеры помещений банка определялись с таким
515	банка	1		369-374	( или ) оборотной сторон , приводящее к снижению яркости изображения на процентов и более . величина снижения яркости изображения определяется любым устройством спектрофотометрического или колориметрического измерения цвета , позволяющим преобразовывать результаты измерений в параметры колориметрической системы cie lab , либо путем визуального сравнения с банкнотами банка россии , имеющими указанное загрязнение , определенное с помощью вышеупомянутых устройств . . имеющие один и более разрывов края банкноты , длина каждого из которых составляет  мм и более . при сортировке банкнот по данному признаку требуется выводить в ветхие банкноты с одним
516	банка	1		11-16, 276-281, 350-355, 694-699	учреждения банка . их личный состав в мирное время накапливает опыт организации и осуществления банковского обслуживания воинских частей , учреждений и организаций вооруженных сил и может стать той базой , на основе которой будет формироваться широкая сеть полевых учреждений банка россии при мобилизационном развертывании войск . полевые учреждения банка россии предназначены для банковского обслуживания воинских частей , учреждений и организаций министерства обороны российской федерации , а также иных государственных органов и юридических лиц . обеспечивающих безопасность российской федерации , и физических лиц , проживающих на территориях объектов , обслуживаемых полевыми учреждениями банка россии , в тех случаях
517	банка	2		11-16, 28-33	консервная банка консервная банка — герметичный контейнер для долгосрочного хранения пищевых продуктов в герметичной среде , выполненный из тонкой луженой стали ( консервной жести ) . основное отличие от другой тары для хранения продуктов — невозможность обратной герметизации после вскрытия , так как вскрытие банки подразумевает собой разрезание металла
518	банка	1		20-25, 59-64	захват оттоманского банка в стамбуле ( ) захват османского банка ( августа ) — акция организации дашнакцутюн . чтобы привлечь внимание мирового сообщества к армянскому вопросу после массовых убийств армян и погромов абдул - хамидом ii , вооруженных мужчин и женщин под предводительством
519	банка	1		226-231	есть в этом деле , не смотря на немаленькие затраты . стоимость всех сооружений , связанных с отоплением и вентиляцией , вместе со строительными работами доходит до . руб . ( девятая часть от стоимости сооружения всего здания банка с четырехэтажным флигелем для служащих и закупкой мебели ) . согласно проектному заданию , между соседней усадьбой , с одной стороны , и старым банком , с другой , были запланированы разрывы шириной приблизительно метров . это дало возможность оригинально вписать сооружение в окружающую
520	банка	1		41-46, 385-390, 477-482, 543-548, 621-626, 671-676	развертывании войск . полевые учреждения банка россии предназначены для банковского обслуживания воинских частей , учреждений и организаций министерства обороны российской федерации , а также иных государственных органов и юридических лиц . обеспечивающих безопасность российской федерации , и физических лиц , проживающих на территориях объектов , обслуживаемых полевыми учреждениями банка россии , в тех случаях , когда создание и функционирование территориальных учреждений банка россии невозможно . общее руководство полевыми учреждениями банка россии по вопросам банковской деятельности осуществляется председателем банка россии через департамент полевых учреждений банка россии . зачем армии полевые банки
521	банка	1		292-297	году писал о волжско - камском банке как об удачном примере официального здания в стиле модерн . после прихода советской власти здание было национализировано , но не утратило своего назначения . согласно справочнику года , там размещалась северо - кавказская краевая контора государственного банка . мая года в здании был торжественно открыт дворец пионеров . во время великой отечественной войны здание почти не пострадало , разрушена была только часть крыши . в году здание восстановили под руководством
522	банка	1		150-155, 242-247, 308-313, 386-391, 436-441	лиц . обеспечивающих безопасность российской федерации , и физических лиц , проживающих на территориях объектов , обслуживаемых полевыми учреждениями банка россии , в тех случаях , когда создание и функционирование территориальных учреждений банка россии невозможно . общее руководство полевыми учреждениями банка россии по вопросам банковской деятельности осуществляется председателем банка россии через департамент полевых учреждений банка россии . зачем армии полевые банки
523	банка	1		66-71, 93-98, 204-209, 286-291, 331-336, 434-439, 483-488	и средства вкладчиков , межбанковские кредиты , эмиссия облигаций банка . увеличение активов банка происходит за счет проведения активных операций кредитование , инвестиционные операции , прочие операции банка по размещению собственных и привлеченных средств . важным качеством активов банка является принесение прибыли . в активы банка входят кассовая наличность , ссуды , инвестиции , ценные бумаги , недвижимость и другие . активы банка отражаются в активе бухгалтерского баланса банка . крупнейших банков по консолидированным активам . данные по балансам по состоянию на декабря
524	банка	1		201-206, 361-366, 417-422	п . а . тарачкова . техником - консультантом был а . п . бутков . в сентябре году перетяткович приехал в ростов - на - дону для общего руководства строительными работами . к тому моменту старое здание банка было уже снесено . строительство предполагалось начать поздней осенью , но из - за морозов работы перенесли на весну года . торжественная закладка здания банка состоялась апреля года . строительство конторы госбанка было
525	банка	1		24-29, 77-82, 239-244, 324-329	здание государственного банка ( ростов - на - дону ) здание государственного банка — здание в ростове - на - дону , построенное в году по проекту архитектора м . м . перетятковича . изначально в здании размещалась контора государственного банка российской империи . в настоящее время там размещается ростовский филиал центробанка .
526	банка	1		302-307	двухэтажном здании на углу большой садовой улицы и среднего проспекта ( ныне проспект соколова ) . банку стало не хватать площадей , и он вынужден был арендовать дополнительные помещения . тогда было принято решение о строительстве нового здания взамен старого . проект здания конторы государственного банка архитектор м . м . перетяткович разработал еще в году . первоначально сметными расчетами и подготовкой рабочих чертежей руководил архитектор с . в . попилин , но его вскоре отстранили за медлительность . тогда перетяткович выбрал себе в